Country,1980,1981,1982,1983,1984,1985,1986,1987,1988,1989,1990,1991,1992,1993,1994,1995,1996,1997,1998,1999,2000,2001,2002,2003,2004,2005,2006,2007,2008,2009,2010,2011,2012,2013,2014,2015,2016,2017
Singapore,-3.59,3.82,8.09,14.65,21.53,15.04,8.95,12.63,18.86,24.85,31.47,33.42,39.21,47.91,60.24,58.43,62.75,68.36,54.3,55.85,61.45,51.71,52.79,52.59,58.93,63.8,68.81,77.33,76.79,77.4,98.21,103.81,107.4,113.09,111.81,107.99,104.41,101.99
Macao,26.55,33.47,35.87,42.44,45.33,35.18,36.4,48.19,48.06,45.06,50.17,49.7,66.27,72.48,72.28,70.31,63.4,55.7,40.52,29.84,30.45,28.52,35.51,42.47,66.58,66.44,67.4,105.13,80.09,84.38,119.53,150.58,165.02,186.5,177.51,117.99,109.41,124.71
Taiwan,-54.41,-54.47,-53.78,-51.43,-48.8,-49.1,-45.64,-41.29,-40.34,-38.3,-37.21,-33.39,-29.31,-24.98,-22.2,-20.35,-18.33,-17.16,-17.92,-16.07,-14.53,-18.72,-15.46,-14.04,-11.41,-8.81,-7.3,-3.37,-3.16,-1.64,6.74,8.81,11.28,12.92,15.08,13.11,11.94,11.01
Hong Kong,-22.9,-17.89,-18.89,-17.53,-12.86,-17.07,-11.84,-4.09,-2.08,-5.73,-5.81,-2.72,1.15,6.83,9.14,6.66,7.73,8.41,-4.26,-6.12,-4.39,-5.51,-6.53,-3.23,1.72,4.97,10.1,15.72,21.92,18.73,22.81,27.74,28.26,32.25,33.35,33.15,33.01,35.16
Ireland,-34.56,-32.32,-31.52,-33.25,-31.6,-31.14,-33.57,-31.92,-30.8,-28.71,-23.1,-22.74,-21.24,-19.23,-17.04,-11.56,-6.79,-2.69,0.62,4.03,7.97,7.49,8.75,10.88,12.07,13.34,13.42,14.02,8.94,2.31,0.87,-0.83,0.16,6.68,14.64,12.87,21.62,22.94
Equatorial Guinea,-79.86,-79.29,-80.14,-80.69,-82.08,-81.11,-82.68,-82.83,-83.58,-84.79,-84.95,-85.27,-83.09,-82.42,-82.01,-82.75,-78.63,-59.48,-56.68,-51.37,-51.16,-19.01,-8.58,-4.22,10.66,11.68,7.64,17.58,35.55,35.59,11.68,14.28,21.9,11.47,6.24,-9.79,-22.27,-23.92
Korea,-71.09,-69.85,-68.48,-65.81,-63.91,-63.32,-61.1,-57.95,-55.61,-54.78,-52.44,-48.56,-47.31,-44.42,-41.52,-39.6,-37.47,-37.18,-45.27,-40.84,-38.06,-37.34,-33.2,-33.09,-32.03,-31.31,-30.28,-28.02,-26.91,-24.31,-20.56,-19.53,-17.58,-16.38,-16.26,-16.07,-15.56,-16.53
Luxembourg,28.12,5.27,35.16,65.9,66.46,71.79,79.32,82.56,83.91,89.01,96.68,114.26,111.35,116.72,108.03,121.9,118.88,133.25,125.93,129.21,133.19,141.08,123.64,102.26,137.74,143.76,111.75,151.13,132.62,59.43,75.67,64.29,59.93,55.65,56.66,58.78,63.83,67.71
China,-93.73,-93.33,-92.91,-92.43,-91.14,-89.75,-89.49,-89.14,-88.95,-89.97,-90.74,-89.94,-88.97,-88.8,-88.47,-88.65,-88.45,-88.5,-88.49,-88.44,-88.51,-87.93,-86.86,-85.91,-84.85,-83.48,-81.9,-79.7,-77.9,-74.83,-73.02,-71.3,-68.51,-65.55,-62.88,-61.18,-59.54,-57.35
Malaysia,-59.21,-60.13,-61.3,-60.52,-58.76,-62.44,-67.99,-65.47,-63.81,-62.29,-59.63,-57.85,-57.02,-53.45,-52.06,-50.25,-47.97,-47.47,-52.93,-55.62,-51.17,-54.27,-51.95,-49.56,-46.39,-41.97,-40.62,-37.43,-31.03,-37.1,-32.17,-28.55,-27.73,-26.09,-24.67,-23.7,-23.77,-23.32
Norway,39.57,43.11,41.1,44.54,50.84,56.38,55.84,52.67,42.06,38.22,39,42.3,47.72,52.35,57.85,61.43,67.75,72.4,69.73,69,70.98,74.28,75.68,76.29,79.3,84.49,81.16,80.08,80.52,81.75,78.81,76.83,81.27,80.78,83.38,81.86,78.52,74.67
Mauritius,-74.9,-74.62,-73.17,-72.69,-73.43,-71.74,-67.45,-62.18,-63.95,-63.67,-64.39,-60.04,-58.69,-57.49,-57.45,-57.77,-57.32,-56.52,-56.92,-57.78,-56.86,-55.88,-55.76,-53.59,-52.36,-52.55,-54.17,-52.05,-50.25,-48.55,-51.07,-50.26,-45.13,-41.16,-40.54,-40.34,-39.59,-40
Malta,-40.99,-38.26,-36,-39.56,-40.02,-41.19,-42.19,-42.15,-40.83,-38.09,-34.41,-31.98,-30.97,-28.85,-28.9,-28.15,-28.68,-27.62,-29.04,-26.05,-27.01,-25.98,-25.33,-24.88,-26.66,-27,-29.42,-27.65,-23.54,-27.26,-25.48,-25.09,-23.67,-20.59,-15.6,-9.95,-9.84,-7.66
Sweden,-3.13,-2.52,-3.63,-2.86,-0.99,-0.74,3.06,3.59,2.24,2.08,-0.87,-2.83,-6.67,-10.44,-6.79,-3.1,-2.12,-2.17,1.32,2.67,4.34,3.64,4.86,9.29,10.21,12.38,15.76,17.06,19.25,16.14,19.6,19.07,20.47,22.03,24.96,29.17,29.83,28.19
Botswana,-75.41,-70.13,-69.27,-70.46,-69.94,-71.15,-69.22,-70.35,-70.25,-56.52,-53.52,-50.19,-50.54,-48.34,-55.92,-53.06,-54.78,-52.22,-51.34,-53.22,-55.54,-56.2,-59.56,-57.23,-59.51,-58.11,-56.43,-54.06,-51.8,-52.84,-52.96,-49.56,-47.5,-44.05,-43.66,-46.86,-46.55,-48.21
Israel,-16.77,-11.1,-13.55,-13.43,-17.8,-18.07,-16.37,-12.34,-13.93,-17.66,-14.09,-9.69,-7.19,-6.86,-6.01,-3.28,-3.45,-5.71,-7.19,-10.54,-9.67,-10.97,-13.27,-15.09,-14,-11.33,-10.31,-7.94,-8.37,-5.01,-2.75,0.86,1.62,6.03,8.5,8.18,8.62,7.57
Aruba,-30.27,-24.72,-20.2,-16.21,-12.31,-8.03,-2.22,10.94,27.51,40.47,41.64,45.95,44.98,47.13,47.61,41.59,35.07,36.85,41.8,35.03,35.9,24.88,11.9,16.2,19.7,-5.44,12.99,-0.2,15.48,7.39,-1.21,-3.07,1.96,3.37,4.85,0.87,-2.54,-6.78
Turkey,-50.82,-48.99,-48.75,-48.32,-47.23,-47.51,-46.43,-43.71,-46.45,-49.15,-45.88,-47.1,-45.41,-41.53,-48.26,-46.73,-45.47,-44.07,-45.21,-50.31,-49.53,-55.34,-53.13,-52.11,-49.49,-46.38,-45.28,-44.37,-44.58,-46.69,-43.34,-38.3,-35.71,-31.2,-30.24,-28.77,-29.34,-27.86
Bosnia and Herzegovina,-91.55,-91.43,-91.42,-91.5,-91.64,-91.8,-91.96,-92.12,-92.38,-92.57,-92.63,-93.28,-93.63,-93.58,-92.85,-91.44,-86.68,-82.18,-80,-79.03,-76.1,-76.37,-75.83,-75.72,-75.31,-75.04,-74.9,-74.32,-72.33,-71.76,-72.62,-72.66,-72.33,-71.16,-71.19,-70.55,-70.22,-70.31
Sri Lanka,-83.15,-82.55,-82,-81.87,-81.58,-81.38,-81.41,-81.93,-82.58,-83.09,-82.54,-82.06,-81.67,-80.39,-80.03,-79.68,-79.8,-79.29,-79.2,-79.27,-79,-79.63,-79.07,-78.24,-78.03,-77.26,-76.52,-75.4,-74.12,-71.64,-70.61,-68.77,-65.88,-65.19,-64.64,-63.35,-62.53,-62.76
Indonesia,-87.44,-85.9,-86.66,-85.88,-85.91,-86.14,-86.88,-86.18,-85.62,-84.64,-83.89,-83.01,-82.71,-81.77,-81.31,-80.72,-80,-78.96,-81.04,-83.6,-82.46,-81.73,-82.24,-81.92,-81.67,-80.5,-80.13,-78.59,-75.79,-73.1,-71.7,-70.26,-68.75,-68.18,-68,-68.22,-67.55,-67.39
Bhutan,-92.18,-91.33,-91.33,-90.92,-90.76,-90.72,-89.94,-87.41,-87.56,-87.34,-86.27,-86.17,-85.52,-84.82,-83.98,-83.13,-82.63,-82.6,-82.68,-82.51,-82.28,-81.81,-80.75,-80.62,-80.92,-80.82,-80.93,-78.58,-78.77,-77.07,-76.22,-75.64,-74.99,-75.73,-74.77,-74.65,-73.82,-73.12
Chile,-57.11,-55.16,-64.18,-66.68,-66.49,-67.89,-66.97,-65.48,-65.12,-62.95,-62.7,-60.71,-56.46,-53.79,-53.99,-50.78,-49.02,-47.72,-47.89,-51.24,-51.56,-51.32,-51.51,-51.9,-51.4,-49.7,-50.64,-49.11,-46.39,-45.15,-44.03,-41.16,-37.02,-34.92,-34.87,-34.79,-35.6,-38.2
United Kingdom,-13.04,-13.71,-11.99,-9.71,-9.8,-8.41,-9.04,-6.54,-5.35,-6.2,-7.4,-9.44,-8.56,-4.81,-3.57,-2.86,-2.14,-1.73,-0.67,0.37,-0.45,0.36,2.61,5.62,5.24,6.43,5.23,4.32,5.76,6.14,4.7,4.56,5.02,5.96,6.46,5.62,4.99,4.75
Cyprus,-30.05,-28.19,-24.65,-23.73,-19.35,-18.55,-18.69,-15.71,-12.94,-9.78,-5.69,-8.16,-2.13,-3.71,-2.83,-1.79,-3.67,-5.97,5.25,-3.73,-4.78,-2.91,0.45,1.52,0.9,1.15,0.53,4.31,5.86,6.09,-0.66,-0.63,-7.85,-15.75,-17.01,-12.2,-13.01,-12.62
Thailand,-77.4,-76.67,-76.23,-75.78,-75.76,-76.11,-76.36,-75.48,-74.07,-72.48,-71.08,-69.54,-67.61,-65.19,-64.07,-63.05,-63.1,-67.06,-72.47,-71.91,-71.91,-72.31,-70.74,-69.19,-68.23,-67.92,-67.28,-66.13,-65.97,-64.87,-63.34,-63.1,-61.47,-61.68,-61.65,-61.35,-60.17,-60.15
Egypt,-74.81,-73.98,-71.4,-68.7,-67.3,-67.79,-67.5,-66.68,-66.68,-66.99,-66.71,-65.64,-65.44,-63.77,-63.75,-63.49,-62.97,-62.91,-63.15,-63.11,-63.28,-63.34,-63.68,-63.96,-64.46,-63.83,-63.19,-62.15,-60.77,-58.77,-59.88,-60.24,-59.59,-59.5,-58.85,-57.82,-57.39,-57.65
Maldives,-78.76,-76.84,-78.76,-77.18,-72.42,-70.45,-70.06,-68.5,-66.5,-65.73,-61.38,-59.67,-58.68,-57.01,-56.24,-55.13,-54.24,-53.37,-52.64,-52.73,-54.09,-59.55,-58.77,-55.71,-56.47,-65.74,-59.09,-64.76,-61.6,-64.75,-64.92,-63.61,-64.23,-62.94,-62.33,-63.69,-63.07,-61.99
USA,31.31,34.3,30.06,31.05,37.58,37.3,35.86,37.2,38.06,35.94,34.5,31.74,34.07,36.93,38.81,38.86,41.17,42.59,44.08,44.7,45.32,43.15,42.83,43.32,44.35,46.12,45.82,42.02,40.76,41.58,42.17,43.36,48.89,49.59,51.11,51.08,49.18,47.21
Poland,-52.34,-58.19,-60.04,-57.7,-55.95,-55.47,-54.66,-55.32,-54.9,-55.88,-62.49,-64.89,-64.54,-62.56,-60.86,-58.91,-57.14,-56,-55.72,-55.29,-54.94,-55.49,-55.26,-54.88,-55.38,-54.21,-53.34,-51.55,-48.25,-45.35,-45.14,-43,-41.62,-40.99,-40.21,-38.73,-38.47,-37.2
Panama,-45.09,-40.96,-39.97,-42.12,-44.81,-44.37,-45.9,-46.88,-57.97,-59.92,-57.55,-55.57,-52.73,-50.6,-51.68,-54.17,-53.94,-53.89,-57.04,-58.48,-59.15,-60.49,-59.27,-60.67,-59.98,-58.49,-57.46,-52.73,-48.63,-45.69,-46.64,-40.31,-36.06,-32.83,-32.97,-31.6,-30.99,-30.41
Lao PDR,-91.29,-89.94,-89.46,-89.35,-89.06,-88.99,-88.96,-89.66,-90.57,-89.76,-89.48,-89.33,-89.05,-88.58,-88.26,-88.01,-87.75,-87.64,-88.01,-87.74,-87.44,-87.43,-86.81,-86.41,-86.16,-85.84,-86.73,-84.78,-83.86,-82.37,-81.99,-81.25,-80.07,-78.97,-78.2,-77.54,-77.03,-76.66
Dominican Republic,-63.61,-62.62,-63,-62.95,-63.91,-67.23,-67.65,-66.47,-67.95,-67.78,-70.59,-71.1,-68.96,-68.36,-68.56,-68.49,-67.33,-66.35,-65.68,-64.96,-64.79,-65.71,-64.52,-66.58,-68.16,-65.15,-63.01,-61.24,-59.72,-58.15,-56.41,-56.42,-55.53,-54.6,-52.65,-50.47,-49.02,-49.15
Iceland,13.54,17.39,17.11,9.47,9.83,10.05,14.12,21.87,14.86,9.03,9.02,8.36,3.31,4.88,5.32,1.04,3.88,5.11,8.19,9.17,8.91,9,12.03,10.32,11.81,16.6,12.66,20.66,-6.22,-9.54,-12.53,-5.86,0.01,16.58,17.24,22.31,31.26,27.81
Bulgaria,-65.13,-62.23,-61.37,-60.39,-59.68,-59.69,-59.24,-57.94,-54.58,-57.71,-62.61,-64.41,-67.27,-67.3,-66.05,-65.59,-69.35,-69.66,-70.64,-73.04,-72.99,-71.35,-69.1,-68.28,-66.92,-65.32,-64.85,-64.75,-59.81,-59.26,-59.59,-59.11,-57.35,-57.17,-57.13,-56.37,-55.27,-52.26
Denmark,6.26,4.47,6.82,8.83,10.68,12.41,16.64,13.41,7.39,4.22,3.93,4.08,6.71,7.47,10.48,10.14,11.64,11.9,11.02,11.31,11.06,10.95,11.77,11.62,14.1,17.86,19.64,16.79,17.96,16.84,18.72,18.05,19.48,22,23.33,22.36,20.97,18.49
Finland,-13.44,-12.45,-10.74,-9.87,-9.11,-8.26,-7.99,-7.83,-6.83,-6.48,-8.94,-17.13,-21.4,-21.72,-18.53,-16.21,-14,-9.89,-7.9,-5.61,-3.19,-1.71,-0.21,-0.8,1.85,2.24,3.7,6.43,7.03,2.11,3.55,3.9,2.56,1.04,-0.47,-2.03,-1.92,-1.52
Antigua and Barbuda,-53.2,-51,-51.79,-47.97,-44.65,-41.98,-46.12,-41.96,-36.77,-37.38,-36.25,-33.82,-34.48,-30.48,-29.16,-36.44,-34.91,-34.35,-34.46,-35.34,-36.14,-39.7,-41.5,-38.9,-38.24,-35.31,-30,-24.48,-25.05,-32.76,-39.21,-42.36,-40.58,-41.54,-41.42,-40.73,-40.01,-41.3
Myanmar,-94.88,-94.59,-94.42,-94.39,-94.36,-94.4,-94.71,-95.09,-95.86,-96.03,-96.15,-96.3,-96.08,-95.9,-95.78,-95.71,-95.59,-95.55,-95.55,-95.13,-94.89,-94.76,-94.19,-93.76,-93.19,-92.88,-92.25,-91.08,-90.09,-88.46,-87.51,-86.89,-86.12,-85.1,-84.64,-84,-83.44,-83.13
India,-91.38,-91.11,-90.96,-91.04,-91.08,-90.87,-91.02,-91.07,-90.99,-90.63,-90.34,-90.51,-90.56,-89.94,-89.73,-89.56,-89.42,-89.49,-90.03,-89.85,-89.86,-89.86,-89.71,-89.32,-88.89,-88.31,-87.81,-87.07,-86.51,-85.22,-84.41,-83.69,-83.06,-82.33,-81.66,-80.86,-80.22,-79.88
Viet Nam,-92.97,-92.69,-92.33,-92.11,-91.84,-91.82,-91.97,-92.19,-92.31,-92.4,-92.34,-92.12,-91.7,-91.18,-90.84,-90.46,-89.99,-89.75,-89.75,-89.83,-89.73,-89.44,-88.98,-88.54,-88.22,-87.78,-87.56,-87.16,-86.58,-85.47,-85.18,-84.73,-84.09,-83.55,-83.12,-82.55,-82.05,-81.63
Grenada,-71.07,-72.31,-71.83,-72.26,-71.58,-70.63,-70.08,-67.3,-66.97,-65.89,-64.33,-62.88,-63.29,-64.91,-65.11,-66.16,-65.96,-65.63,-63.18,-61.98,-61.53,-64.18,-63.94,-61.21,-64.44,-56.86,-60.97,-60.3,-59.94,-63.12,-63.24,-63.25,-63.89,-62.77,-62.16,-60.47,-61,-61.28
Mali,-97.17,-97.07,-96.9,-97.16,-97.21,-97.04,-96.64,-96.8,-96.93,-96.8,-96.79,-96.35,-96.53,-96.41,-96.38,-95.21,-94.5,-94.23,-94.18,-93.79,-94.27,-93.76,-93.58,-92.82,-93.7,-93.31,-92.91,-92.66,-92.07,-91.11,-90.59,-90.19,-89.26,-88.72,-88.26,-87.88,-87.51,-87.66
Estonia,-39.24,-38.26,-38.13,-38.62,-39.53,-40.64,-41.7,-42.73,-44.41,-45.51,-45.5,-49.26,-60.12,-61.09,-61.92,-62.07,-59.71,-57.29,-56.08,-58.05,-55.87,-53.98,-51.18,-48.82,-47,-41.43,-37.83,-35.14,-37.86,-45.28,-46.31,-41.25,-37.22,-34.78,-33.76,-33.09,-32.73,-30.98
Australia,4.21,6.99,7.98,1.86,2.46,3.29,2.58,0.19,0.47,-0.93,-1.3,-4.26,-5.28,-0.82,-0.12,-0.26,1.27,1.81,2.25,3.09,3.31,2.33,5.14,6.26,7.45,6.74,5.08,4.79,8.33,13.98,11.2,11.83,16.89,18.14,17.08,16.45,15.46,12.05
Romania,-52.97,-52.6,-50.39,-47.8,-45.59,-46.82,-46.94,-47.69,-49.82,-54.18,-57.31,-63.38,-67.13,-66.18,-65.38,-63.62,-62.98,-66,-67.73,-68.76,-68.81,-67.33,-65.82,-64.48,-63.66,-62.35,-60.5,-58.2,-53.09,-53.82,-54.77,-54.59,-53.8,-52.16,-50.61,-49.7,-48.14,-45.9
Spain,-22.54,-23.72,-23.46,-24.31,-25.89,-25.67,-24.39,-21.27,-20.32,-18.31,-16.53,-15.21,-15.42,-17.25,-18.5,-17.3,-17.24,-16.66,-15.65,-16.92,-16.07,-15.41,-14.74,-14.36,-15.55,-15.81,-16.75,-17.3,-17.29,-16.42,-18.15,-20.52,-21.24,-21.7,-20.73,-18.45,-16.22,-15.52
Japan,-16.86,-14.05,-12.22,-11.67,-10.27,-7.36,-8.04,-7.44,-5.19,-4.36,-1.27,-0.19,-1.54,-1.86,-4.2,-3.81,-2.49,-5.49,-10.69,-14.25,-14.81,-15.74,-16.25,-15.66,-15.21,-14.73,-15.62,-15.27,-16.42,-18.01,-15.15,-15.35,-12.22,-8.93,-9.35,-8.72,-9.28,-9.97
Cambodia,-94.78,-94.77,-94.87,-94.8,-94.77,-94.8,-94.81,-93.95,-93.4,-93.82,-94.01,-93.79,-93.6,-93.54,-93.48,-93.45,-93.53,-93.4,-93.44,-93.06,-92.92,-92.73,-92.67,-92.45,-92.25,-91.68,-91.34,-90.89,-90.46,-90.25,-90.19,-89.85,-89.32,-88.91,-88.66,-88.42,-88.14,-87.98
Lesotho,-86.27,-85.76,-86.1,-87.52,-87.56,-86.75,-87.21,-87.14,-86.61,-86.27,-85.72,-85.48,-85.32,-84.95,-85.1,-84.88,-83.93,-83.25,-84.89,-84.11,-84.68,-84.78,-85.13,-84.62,-84.77,-83.89,-84.02,-83.95,-82.83,-82.21,-81.68,-81.75,-80.8,-80.6,-80.76,-80.25,-80.33,-80.47
Uruguay,-51.45,-49.85,-56.05,-61.1,-63.1,-63.44,-59.94,-57.24,-59.29,-60.31,-60.59,-59.06,-55.22,-54.07,-52.08,-54.53,-53.11,-52.51,-51.95,-54.41,-56.72,-59.1,-62.14,-64.22,-63.3,-60.21,-59.66,-57.84,-54.89,-51.29,-50.08,-47.66,-48.04,-44.29,-44.28,-44.1,-45.03,-46.03
Slovakia,-38.41,-37.5,-37.45,-38.03,-39.05,-40.28,-41.44,-42.57,-44.34,-45.47,-45.45,-54.84,-58.58,-57.38,-55.52,-56.58,-54.94,-54.15,-54,-56.49,-57.73,-57.03,-55.77,-53.17,-55.53,-52.16,-49.17,-43.21,-38.08,-39.25,-38.83,-38.88,-35.93,-34.75,-34.52,-33.97,-32.55,-32.99
Mongolia,-72.13,-70.29,-69.1,-69.06,-69.03,-69.07,-66.58,-67.46,-68.55,-69.23,-71.06,-73.62,-77,-77.77,-78.04,-77.42,-77.6,-78.46,-79.13,-79.31,-79.86,-80.41,-79.76,-78.99,-77.46,-76.6,-75.74,-74.65,-72.98,-73.45,-74.4,-71.82,-67.81,-63.8,-62.85,-63.57,-64.41,-66.76
Saint Vincent and the Grenadines,-73.78,-72.8,-72.9,-73.17,-72.65,-72.06,-72.91,-73.13,-71.85,-71.91,-71.87,-72.11,-70.28,-69.69,-71.75,-70.48,-70.67,-71.11,-70.77,-71.06,-71.77,-71.75,-70.34,-69.15,-69.37,-69.3,-67.56,-66.79,-66.03,-64.85,-67.02,-67.74,-66.52,-66.02,-67.61,-66.94,-67.91,-68.55
Portugal,-40.69,-42.03,-43.33,-44.81,-50.34,-48.82,-42.24,-39.25,-35.83,-35.17,-33.12,-32.19,-30.75,-32.18,-32.6,-32,-32.17,-31.15,-29.79,-28.92,-30.14,-30.95,-30.62,-32.08,-33.04,-33.19,-35.53,-34.97,-35.29,-34.19,-34.06,-35.12,-37.36,-36.39,-36.6,-36.62,-35.92,-35.71
New Zealand,-10.51,-6.45,-6.9,-1.34,-1.7,-5.76,-8.21,-6.86,-6.92,-11.36,-15.51,-18.44,-19.89,-15.94,-15.18,-15.17,-15.76,-16.21,-17.93,-18.42,-20.3,-17.47,-15.79,-13.3,-13.82,-15.01,-17.37,-16.09,-17.38,-11.2,-13.45,-12.13,-9.72,-6.37,-5.12,-4.29,-3.41,-5.58
Cabo Verde,-83.86,-83.1,-83.89,-83.51,-83.57,-82.94,-83.04,-82.79,-82.64,-82.16,-82.72,-83,-83.07,-82.15,-81.86,-81.56,-81.35,-80.97,-80.39,-79.2,-79.26,-78.6,-78.5,-78.51,-79.01,-78.96,-78.21,-77.08,-76.09,-76.03,-77.46,-77.05,-77.2,-77.3,-78.37,-78.64,-78.66,-79.04
Tonga,-82.47,-79.1,-77.21,-77.19,-76.59,-76.23,-76.5,-77.46,-78.82,-80.02,-79.97,-79.64,-79.38,-78.16,-77.52,-77.58,-78.08,-78.55,-78.48,-78.4,-78.47,-78.42,-77.87,-78.42,-78.85,-79.2,-80.48,-80.93,-80.19,-78.67,-78.34,-77.64,-78.41,-78.48,-78.31,-78.05,-77.96,-78.28
Ethiopia,-95.4,-95.34,-95.31,-94.83,-94.9,-95.18,-94.82,-94.87,-95.42,-95.61,-95.77,-96.2,-96.33,-95.98,-95.97,-95.8,-95.67,-95.93,-96.13,-96.11,-96.08,-96.03,-96.18,-96.14,-95.87,-95.59,-95.37,-95.07,-94.72,-94.1,-93.66,-93.29,-92.85,-92.36,-91.98,-91.72,-91.54,-91.22
Bangladesh,-91.25,-91.16,-91.18,-91.06,-91.12,-91.27,-91.38,-91.55,-91.93,-92.04,-92,-91.96,-91.88,-91.69,-91.71,-91.75,-91.83,-91.89,-91.97,-92.03,-92.1,-92.05,-91.9,-91.76,-91.7,-91.52,-91.4,-91.17,-90.76,-90.02,-89.83,-89.5,-88.96,-88.55,-88.22,-87.82,-87.41,-87.12
Uganda,-93.88,-93.68,-93.35,-93.22,-93.82,-94.13,-94.34,-94.24,-94.2,-94.15,-94.11,-94.01,-93.93,-93.55,-93.11,-92.86,-92.7,-92.67,-92.39,-92.45,-92.56,-92.28,-91.95,-91.86,-92.01,-91.52,-91.47,-91.2,-90.49,-89.74,-89.45,-89.4,-89.34,-89.29,-89.31,-89.23,-89.65,-89.88
Austria,4.85,5.53,7.45,9.36,6.82,6.87,6.12,4.03,3.22,3.55,6.18,8.39,9.35,10.4,10.34,7.06,7.9,6.45,6.71,6.08,6.93,5.67,7.56,6.92,7.12,7.38,8.25,9.84,13.11,11.48,11.97,12.78,13.44,12.56,10.54,8.1,8.37,8.78
Albania,-72.62,-71.3,-71.25,-72.21,-73.92,-74.76,-74.64,-76.14,-77.92,-76.62,-79.53,-85.82,-86.86,-84.31,-83.24,-80.87,-79.49,-82.69,-81.7,-80.16,-79.45,-78.01,-77.47,-76.6,-76.3,-75.36,-74.62,-73.67,-72.26,-70.68,-70.08,-69.71,-69.61,-68.8,-69.31,-69.41,-68.93,-69.26
Nigeria,-79.51,-79.67,-80.43,-82.34,-83.26,-81.99,-82.39,-84.09,-83.56,-83.3,-82.01,-82.44,-82.52,-82.82,-83.51,-83.89,-83.93,-84.32,-84.41,-85.26,-85.36,-85.26,-82.23,-81.23,-80.06,-79.53,-79.61,-79.72,-78.78,-77.01,-76.32,-76.11,-75.22,-74.46,-73.29,-73.42,-74.86,-76.35
Nepal,-93.22,-92.82,-92.93,-92.97,-92.69,-92.59,-92.66,-92.61,-92.59,-92.61,-92.45,-92.26,-92.2,-91.9,-91.83,-91.9,-91.89,-91.98,-92.07,-92.03,-91.97,-92.06,-92.08,-92,-92.02,-91.9,-92,-91.85,-91.45,-90.81,-90.87,-90.79,-90.51,-90.2,-90.09,-90.31,-90.73,-90.14
Pakistan,-83.44,-82.59,-82.13,-81.94,-81.78,-81.67,-81.58,-81.25,-81.36,-81.65,-81.53,-80.83,-80.6,-80.42,-80.44,-80.48,-80.97,-81.73,-82.03,-82.27,-82.83,-83.18,-83.01,-82.56,-82.18,-81.68,-81.84,-82.11,-82,-81.13,-81.54,-81.59,-81.14,-80.81,-80.69,-80.52,-80.46,-80.55
Belgium,2.58,3.09,2.66,1.38,2.25,1.86,1.52,1.64,2.7,2.6,4.34,5.65,6.22,6.71,8.52,6.07,5.51,6.45,5.15,5.37,5.95,3.98,5.06,4.05,4.54,4.3,3.1,4.33,6.13,4.66,8.82,6.17,8.71,7.37,5.96,4.37,4.92,5.09
Chad,-94.26,-94.86,-94.63,-93.92,-93.88,-93.64,-93.56,-93.61,-93.53,-93.73,-93.81,-93.65,-93.66,-93.92,-93.82,-94.05,-94.21,-94.21,-94.14,-94.51,-94.91,-94.55,-94.31,-93.81,-92.15,-91.95,-92.61,-91.66,-91.77,-90.9,-90.22,-90.06,-89.02,-90.07,-90.2,-90.24,-91.05,-91.87
Vanuatu,-90.57,-90.37,-89.64,-86.03,-85.53,-86.06,-86.74,-88.39,-88.32,-88.18,-88.21,-87.87,-88.35,-87.69,-88.13,-87.89,-88.04,-88.31,-87.98,-88.46,-88.39,-89.08,-88.72,-88.93,-89.22,-89.32,-88.97,-89.07,-87.95,-87.59,-88.17,-88.18,-88.5,-87.73,-87.85,-88.17,-88.21,-88.38
Mozambique,-97.12,-97.07,-97.22,-97.66,-97.63,-97.91,-97.89,-97.8,-97.74,-97.63,-97.63,-97.61,-97.87,-97.77,-97.79,-97.91,-97.43,-97.29,-97.13,-97.07,-97.22,-97.07,-96.93,-96.78,-96.72,-96.58,-96.58,-96.42,-96.21,-95.76,-95.76,-95.53,-95.34,-95.14,-94.94,-94.89,-94.98,-95.17
Tanzania,-89.41,-89.6,-89.83,-90.5,-90.68,-90.72,-91.04,-91.18,-91.42,-91.55,-91.36,-91.12,-91.24,-90.98,-91.13,-91.28,-91.27,-91.58,-91.67,-91.74,-91.88,-91.87,-91.42,-91.31,-91.19,-91.07,-90.94,-90.72,-90.27,-89.53,-89.39,-89,-88.61,-88.06,-87.77,-87.6,-87.42,-87.49
Seychelles,-38.77,-44.27,-47.06,-50.32,-48.29,-44.56,-45.76,-45.43,-44.97,-39.02,-35.33,-35.36,-32.55,-30.81,-34.5,-39.66,-40.86,-33.73,-29.71,-32.04,-36.81,-40.68,-44.84,-49.38,-52.81,-50.35,-47.55,-43.57,-46.35,-45.3,-40.29,-42.28,-35.98,-37.04,-36.4,-34.96,-36.42,-36.85
Burkina Faso,-93.56,-93.1,-93.12,-93.66,-94.03,-93.77,-93.53,-93.84,-93.85,-94.05,-94.31,-93.93,-94.09,-93.97,-94.19,-94.17,-93.79,-93.76,-93.7,-93.69,-93.79,-93.65,-93.58,-93.34,-93.45,-93.19,-93.21,-93.22,-92.98,-92.67,-92.43,-92.22,-91.91,-91.81,-91.94,-92.03,-91.94,-91.76
Morocco,-77.03,-78.5,-76.94,-78.21,-78.36,-78.4,-77.3,-79.09,-78.39,-79.13,-78.89,-77.99,-79.56,-80.21,-78.72,-81.24,-79.59,-81.15,-80.5,-81.37,-82.11,-81.34,-81.19,-80.63,-80.57,-80.6,-80.08,-80.28,-79.3,-77.02,-77.08,-76.56,-76.39,-75.45,-75.55,-75,-75.04,-75.26
Ghana,-84.85,-85.54,-87,-88.21,-87.81,-87.83,-87.81,-87.87,-88.02,-88.09,-88.2,-87.94,-87.89,-87.57,-87.79,-87.95,-87.99,-88.01,-88.23,-88.33,-88.6,-88.51,-88.4,-88.27,-88.31,-88.06,-88.18,-88.32,-87.23,-86.78,-86.4,-84.92,-83.77,-82.94,-83.08,-83.1,-83.33,-83.17
Sudan,-85.63,-85.1,-84.87,-85.78,-87.31,-87.89,-87.21,-87.12,-87.28,-87.99,-88.14,-87.63,-87.37,-87.3,-87.4,-87.26,-87.62,-87.38,-87.27,-87.32,-88.08,-87.07,-85.91,-85.55,-85.48,-85.84,-86.4,-85.55,-84.63,-85.01,-84.06,-84,-83.96,-84.33,-83.86,-84.05,-84.09,-84.54
Palestine,-80.67,-82.28,-81.28,-82.88,-82.91,-84.01,-81.79,-83.36,-84.83,-85.55,-83.53,-85.08,-82.19,-80.99,-79.27,-75.3,-77.17,-75.55,-72.77,-72.45,-78.7,-82.28,-85.35,-83.51,-82.9,-81.33,-83,-82.49,-81.86,-80.57,-80.31,-78.71,-77.85,-77.88,-78.61,-78.62,-79.21,-79.71
Rwanda,-92.74,-92.46,-92.53,-92.36,-93.04,-93.11,-93.2,-93.61,-94.02,-94.38,-94.25,-94.36,-93.75,-94.01,-97.04,-96.08,-95.7,-95.47,-95.49,-95.6,-95.59,-95.46,-95.02,-95.13,-95.04,-94.81,-94.69,-94.58,-94.12,-93.67,-93.56,-93.32,-92.85,-92.75,-92.54,-92.25,-92.12,-91.92
Lithuania,-31.9,-31.09,-31.27,-32.17,-33.59,-35.28,-36.98,-38.7,-41.12,-42.84,-43.24,-46.78,-59.73,-66.87,-71.41,-71.38,-69.26,-66.67,-64.6,-65.96,-64.92,-62.55,-59.46,-55.75,-53.38,-49.68,-47.2,-42.52,-39.65,-43.77,-45.74,-42.99,-38.75,-35.45,-32.24,-33.54,-32.55,-31.21
Benin,-90.74,-90.32,-89.62,-90.74,-90.41,-89.92,-90.07,-90.65,-90.97,-91.53,-91.05,-90.91,-90.89,-90.58,-90.94,-90.57,-90.69,-90.71,-90.85,-90.87,-90.93,-90.82,-90.75,-90.87,-90.97,-91.18,-91.37,-91.25,-90.89,-90.55,-90.87,-90.92,-90.72,-90.34,-90.13,-90.1,-90.06,-90.14
Cuba,-47.97,-37.43,-33.32,-32.11,-29.42,-31.68,-34.65,-39.31,-40.28,-42.54,-45.76,-52.69,-59.22,-65.87,-66.52,-66.69,-64.79,-65.06,-66.32,-65.25,-64.39,-63.92,-63.84,-63.15,-62.21,-58.61,-55.07,-52.94,-50.93,-48.26,-48.54,-47.92,-45.93,-44.58,-45.04,-43.4,-45.14,-47.5
Guyana,-75.22,-74.93,-78.56,-80.55,-81.66,-81.38,-82.06,-82.37,-83.83,-85.25,-86.05,-85.34,-84,-82.83,-81.7,-81.39,-79.59,-78.82,-79.87,-79.77,-80.71,-81.69,-81.32,-81.61,-80.9,-81.44,-81.51,-80.01,-79.15,-77.47,-76.82,-76.36,-74.82,-73.9,-73.72,-74.05,-74.28,-74.96
Hungary,-41.38,-38.11,-36.86,-37.86,-38.76,-41.05,-42.53,-41.2,-42.18,-42.94,-46.03,-53.22,-55.26,-55.46,-54.78,-54.15,-56.18,-55.69,-55.19,-55.83,-54.67,-52.93,-48.59,-46.05,-45.37,-44.41,-44.41,-47.32,-46.92,-48.46,-50.52,-51.01,-51.78,-48.39,-45.28,-43.18,-41.04,-41.63
Guinea,-91.08,-91.01,-91,-91.16,-91.4,-91.35,-91.45,-91.48,-91.49,-91.68,-91.7,-91.84,-92.03,-91.9,-92.1,-92.23,-92.27,-92.28,-92.26,-92.2,-92.37,-92.33,-91.94,-92.18,-92.27,-92.15,-92.55,-92.35,-92.11,-92.25,-92.17,-91.97,-91.62,-91.83,-91.7,-91.66,-91.53,-91.48
Swaziland,-67.97,-65.39,-65.99,-66.61,-67.05,-67.74,-65.52,-65.69,-65.02,-66.17,-62.36,-62.39,-61.84,-61.19,-63.2,-60.71,-59.72,-60.82,-63.42,-63.13,-66.24,-65.82,-66.78,-68.37,-67.72,-66.15,-67.97,-67.57,-68,-67.11,-68.27,-67.59,-66.32,-64.85,-65.23,-65.01,-66.39,-68.45
Tunisia,-68.6,-67.79,-69.4,-69.48,-69.36,-69.7,-72.04,-72.22,-73.83,-74.44,-73.54,-73.6,-72.24,-72.42,-73.14,-74,-73.79,-73.87,-73.89,-73.5,-73.87,-73.01,-73.32,-72.59,-72.24,-72.37,-72.08,-71.55,-70.58,-68.75,-69.03,-70.71,-69.32,-68.91,-68.55,-68.82,-69.25,-69.88
Somalia,-97.17,-97.05,-97,-97.39,-97.36,-97.18,-97.33,-97.16,-97.32,-97.44,-97.53,-97.56,-97.87,-97.84,-98.34,-98.39,-98.38,-98.5,-98.54,-98.57,-98.61,-98.61,-98.59,-98.59,-98.61,-98.62,-98.66,-98.68,-98.66,-98.59,-98.62,-98.64,-98.62,-98.63,-98.65,-98.68,-98.71,-98.76
Latvia,-43.88,-42.64,-42.18,-42.29,-42.79,-43.44,-44,-44.4,-45.27,-45.35,-44.13,-48.78,-67.43,-71.2,-70.38,-79.51,-78.14,-75.86,-74.65,-74.48,-72.49,-69.72,-66.94,-64.23,-62.29,-57.74,-55.43,-51.08,-51.68,-52.08,-58.18,-55.54,-53.26,-50.67,-49.09,-47.41,-46.14,-45.48
Senegal,-87.42,-87.74,-85.93,-86.17,-87.52,-87.44,-87.33,-87.39,-87.58,-88.46,-88.32,-88.65,-88.72,-89.22,-89.56,-89.62,-89.44,-89.83,-89.84,-89.32,-90.08,-89.91,-90.22,-89.95,-89.9,-89.71,-90.05,-89.97,-89.7,-89.36,-89.44,-89.85,-89.62,-89.61,-89.66,-89.45,-89.28,-89.07
Guinea-Bissau,-91.03,-91.01,-90.72,-91.23,-91.02,-91,-91.61,-91.43,-91.37,-91.44,-91.31,-91.37,-91.21,-91.1,-91.15,-91.23,-91.3,-91.13,-93.02,-92.35,-92.74,-92.65,-92.88,-93.11,-93.28,-93.24,-93.47,-93.53,-93.45,-93.09,-93.02,-92.86,-93.22,-93.02,-93.18,-93.19,-93.14,-92.71
Zimbabwe,-89.21,-88.14,-88.44,-88.89,-89.71,-89.64,-90.09,-90.55,-90.56,-90.65,-90.49,-90.2,-91.27,-91.15,-91.01,-91.42,-90.9,-91.2,-91.54,-92.21,-93.22,-93.36,-93.86,-94.47,-94.86,-95.2,-95.6,-95.91,-96.18,-93.42,-92.79,-91.92,-90.89,-90.75,-90.9,-91.16,-91.51,-91.35
Burundi,-93.75,-93.1,-93.31,-93.33,-93.63,-93.17,-93.22,-93.29,-93.34,-93.53,-93.49,-93.13,-93.06,-93.48,-93.78,-94.37,-95,-95.11,-95.01,-95.24,-95.52,-95.64,-95.62,-95.93,-96.05,-96.23,-96.26,-96.34,-96.28,-96.15,-96.18,-96.19,-96.07,-95.98,-96.01,-96.2,-96.31,-96.12
Costa Rica,-51.03,-55.98,-61.73,-61.14,-59.32,-60.77,-60.44,-60.73,-62.43,-62.37,-61.66,-61.71,-59.4,-57.22,-56.81,-57.39,-58.79,-59.14,-59.31,-64.22,-61.84,-61.88,-61.64,-61.37,-61.53,-61.32,-60.32,-58.46,-56.46,-56.39,-56,-55.47,-53.35,-53.33,-53.26,-52.68,-52.63,-53.61
Malawi,-92.31,-93.15,-93.07,-93.03,-93.15,-93.26,-93.63,-94.14,-94.54,-94.72,-94.76,-94.41,-94.92,-94.25,-95.07,-94.76,-94.39,-94.44,-94.68,-94.86,-95.06,-95.47,-95.46,-95.41,-95.39,-95.42,-95.48,-95.26,-95.03,-94.49,-94.47,-94.57,-94.52,-94.62,-94.53,-94.66,-94.71,-94.92
Gambia,-89.77,-87.8,-87.33,-88.4,-88.2,-88.43,-88.88,-89.65,-89.85,-90.26,-90.45,-90.36,-90.2,-89.93,-90.31,-90.74,-90.71,-91.22,-91.4,-91.31,-91.36,-91.2,-91.47,-92,-91.72,-92.22,-92.64,-92.78,-92.28,-91.33,-91.2,-92.28,-91.92,-91.68,-91.99,-92.03,-92.41,-92.61
Papua New Guinea,-82.6,-82.7,-82.92,-83.02,-84.05,-84.26,-84.29,-84.59,-85.33,-86.36,-87.33,-86.53,-85.37,-82.84,-82.81,-84.71,-84.12,-85.56,-85.61,-86.19,-87.17,-87.85,-88,-88.48,-88.81,-88.83,-89.54,-88.94,-88.7,-87.63,-86.62,-86.46,-86.12,-85.84,-85.18,-84.81,-84.98,-85.46
Solomon Islands,-88.97,-87.26,-88.1,-89.44,-89.16,-89.15,-89.85,-90.26,-90.35,-90.31,-89.74,-89.98,-89.21,-89.24,-88.99,-88.67,-89.08,-89.99,-90.26,-91.11,-92.7,-93.47,-94,-93.77,-93.53,-92.97,-93.36,-92.71,-92.86,-92.62,-91.94,-91.89,-91.56,-90.95,-91.44,-91.78,-91.86,-91.84
Philippines,-70.11,-69.58,-69.8,-70.39,-74.54,-77.57,-77.9,-77.83,-77.68,-77.53,-77.46,-78.05,-78.24,-78.18,-78,-77.7,-77.72,-77.38,-78.74,-80.52,-80.43,-80.69,-80.6,-80.3,-80.46,-80.28,-80.34,-79.76,-79.25,-78.47,-77.91,-77.64,-76.52,-75.31,-74.78,-74.17,-73.39,-73.04
Zambia,-79.53,-79.56,-80.05,-80.69,-81.72,-84.5,-85.16,-85.16,-86.12,-85.9,-86.1,-88.1,-88.62,-87.88,-89.48,-89.67,-89.49,-87.64,-88.49,-88.33,-88.69,-88.32,-88.11,-87.61,-87.8,-87.38,-86.96,-86.39,-85.62,-84.13,-83.23,-83.09,-82.21,-81.93,-82.02,-82.55,-82.34,-82.53
Slovenia,-26.98,-25.9,-25.82,-26.45,-27.61,-29.03,-30.38,-31.72,-33.87,-35.35,-35.55,-42.44,-46.34,-43.94,-40.68,-39.82,-39.9,-39.06,-39.46,-37.99,-38.84,-37.88,-35.98,-35.23,-34.88,-33.39,-32.08,-29.03,-26.66,-30.45,-31.38,-31.61,-34.43,-35.14,-33.05,-34.05,-32.53,-30.39
Bolivia,-72.99,-73.37,-75.38,-76.9,-78.11,-78.82,-79.87,-79.88,-80.3,-80.47,-80.14,-79.46,-79.46,-78.88,-78.71,-78.74,-78.69,-78.69,-78.6,-79.72,-80.42,-80.78,-80.78,-81.19,-81.47,-81.22,-81.23,-81.17,-80.07,-79.09,-79.36,-78.89,-78.54,-77.58,-76.94,-76.24,-75.77,-76.41
France,1.91,3.07,4.09,2.81,1.6,0.93,1.15,0.9,1.08,1.38,2.04,1.31,1.96,1.54,1.11,0.52,0.48,0.25,0.8,1.84,1.65,1.26,0.3,-0.47,-0.41,-0.59,-1.68,-1.53,-1.34,-0.99,-0.96,-0.09,-0.31,0.27,-0.28,-0.76,-2,-1.84
Niger,-90.55,-90.49,-90.46,-91.29,-93.15,-92.89,-93.22,-93.62,-93.69,-94.06,-94.42,-94.44,-94.64,-94.64,-94.79,-94.94,-95.03,-95.35,-95.03,-95.29,-95.72,-95.56,-95.49,-95.53,-95.8,-95.67,-95.66,-95.73,-95.37,-95.41,-95.28,-95.38,-94.99,-94.92,-94.75,-94.81,-94.82,-94.91
Central African Republic,-92.11,-92.04,-92.17,-93,-92.78,-92.83,-92.84,-93.48,-93.68,-93.77,-94.05,-94.07,-94.33,-94.45,-94.47,-94.46,-95.12,-95.06,-95.07,-95.01,-95.18,-95.27,-95.39,-95.86,-95.91,-95.94,-95.92,-95.87,-95.77,-95.53,-95.5,-95.42,-95.18,-96.97,-96.94,-96.81,-96.75,-96.76
Kenya,-82.56,-82.28,-82.21,-82.87,-83.52,-83.84,-83.49,-83.45,-83.72,-83.95,-84.2,-84.61,-85.29,-85.49,-85.83,-86.04,-86.08,-86.89,-87.16,-87.65,-88.43,-88.33,-88.72,-88.89,-88.99,-88.74,-88.63,-88.39,-88.51,-87.94,-87.64,-87.34,-86.97,-87.44,-87.55,-87.39,-87.16,-87.36
Germany,15.44,15.59,13.87,14.49,15.85,15.71,15.03,12.8,12.46,11.85,13.99,7.73,8.32,6.89,6.42,5.31,4.22,2.94,1.7,0.68,0.22,0.14,-0.87,-2.39,-1.49,-2.03,-0.11,1.24,2.41,1.92,4.21,7.82,9.1,9.57,9.59,9.69,9.76,10.15
Fiji,-67.37,-65.53,-68.05,-70.12,-68.42,-70.47,-69.41,-72.49,-73.41,-70.93,-69.05,-70.68,-70.21,-69.99,-69.89,-70.05,-69.33,-71.49,-72.92,-70.73,-71.56,-72.64,-72.12,-72.88,-72.69,-74.01,-74.89,-75.33,-74.97,-73.86,-74.67,-74.63,-74.25,-72.87,-72.73,-72.13,-72.86,-72.91
Kiribati,-86.26,-86.48,-84.82,-86.75,-86.22,-87.37,-88.14,-89.09,-87.92,-89.68,-90.17,-89.19,-89.27,-89.23,-89.39,-89.78,-89.77,-89.95,-89.65,-90.41,-89.71,-90.55,-90.77,-90.71,-91.32,-91.17,-91.6,-91.82,-92.23,-91.76,-92.24,-92.35,-92.04,-91.7,-92.09,-91.74,-91.67,-91.86
Sierra Leone,-88.99,-88.63,-88.54,-88.79,-88.73,-88.63,-87.43,-89.9,-89.34,-89.84,-90.24,-90.3,-91.25,-90.96,-91.05,-91.91,-93.97,-95.19,-95.45,-95.95,-96.02,-95.51,-94.52,-94.43,-94.69,-94.67,-94.73,-94.7,-94.38,-93.99,-94.01,-94.23,-93.41,-92.27,-92.12,-94.09,-93.93,-94.69
Congo,-73.85,-66.95,-60.26,-60.84,-58.61,-63.36,-68.41,-69.28,-71.61,-72.93,-74.28,-73.51,-73.1,-74.32,-77.73,-82.8,-83.34,-81.22,-79.85,-83.29,-83.56,-83.36,-82.63,-81.93,-83.19,-83.95,-83.14,-83.49,-81.7,-78.47,-77.6,-78.45,-76.86,-76.38,-75.57,-75.79,-77.23,-79.55
Togo,-86.71,-87.62,-88.68,-89.83,-89.69,-89.8,-89.86,-90.6,-90.22,-90.29,-90.01,-90.19,-90.74,-92.27,-91.85,-91.56,-91.34,-91.59,-92.31,-92.66,-93.21,-93.43,-93.34,-93.15,-93.61,-94.17,-94.34,-94.63,-94.45,-94.04,-93.99,-93.43,-93.5,-93.25,-93.11,-92.84,-92.81,-92.83
Colombia,-55.55,-55.49,-56.95,-58.46,-59.48,-60.59,-60.47,-60.59,-61.42,-62.79,-62.68,-62.88,-62.31,-60.22,-59.41,-59.79,-62.18,-63.31,-66.06,-68.62,-68.87,-70.02,-70.16,-70.31,-69.75,-69.32,-68.29,-67.52,-66.57,-65.36,-64.97,-63.96,-62.53,-61.12,-60.37,-59.8,-60.31,-61.78
Liberia,-89.55,-90.1,-90.21,-90.95,-91.35,-91.82,-92.08,-91.98,-91.87,-91.61,-95.94,-96.4,-97.63,-98.38,-98.77,-98.88,-98.84,-97.81,-97.44,-97.18,-96.69,-96.75,-96.71,-97.8,-97.82,-97.77,-97.6,-96.86,-96.71,-96.46,-96.39,-96.09,-96.25,-96.17,-95.81,-95.61,-95.83,-95.97
Samoa,-69.42,-72.66,-73.57,-74.26,-74.83,-74.73,-74.47,-75.46,-77.12,-77.26,-78.63,-79.44,-79.87,-79.03,-80.3,-79.61,-78.69,-79.29,-79.63,-79.74,-78.95,-77.83,-77.49,-76.69,-77.88,-77.09,-77.7,-76.35,-76.54,-76.72,-76.28,-75.76,-76.23,-76.88,-76.47,-76.12,-75.6,-76.07
Mauritania,-77.39,-77.11,-79.57,-80.1,-81.15,-82.47,-82.36,-82.14,-82.95,-82.73,-83.55,-83.33,-83.45,-83.13,-82.41,-83.78,-82.85,-84.58,-85.05,-84.93,-86,-86.31,-86.73,-86.57,-86.62,-86.05,-84.25,-84.58,-84.76,-84.76,-84.86,-84.85,-83.65,-83.16,-83.42,-83.52,-84.19,-84.07
Micronesia,-80.68,-79.82,-80.83,-81.59,-82.36,-80.85,-80.65,-81.14,-81.56,-82.36,-82.28,-81.94,-81.65,-80.85,-81.17,-81.36,-82.72,-84.07,-84.18,-84.32,-84.26,-84.23,-84.17,-84.29,-84.96,-84.93,-85.51,-86.05,-86.07,-85.11,-85.05,-85.01,-85.39,-86.03,-87.35,-87.21,-87.22,-87.6
Angola,-63.98,-66.19,-67.26,-67.25,-66.88,-67.49,-68.06,-67.19,-68.29,-69.87,-70.85,-71.36,-73.19,-80.88,-81.3,-80.86,-80.53,-78.22,-79.04,-81.19,-81.22,-81.31,-78.6,-78.92,-78.27,-76.24,-75.42,-73.2,-72.25,-72.22,-72.52,-72.87,-71.16,-70.77,-70.93,-72.26,-69.86,-71.2
Belize,-68.91,-69.04,-70.16,-72.15,-73.02,-73.77,-72.8,-71.69,-71.05,-69,-66.58,-66.61,-65.66,-63.76,-64.21,-64.28,-65.82,-66.8,-68.23,-68.45,-70.44,-70.97,-70.35,-69.69,-70.87,-71.07,-71.63,-73.49,-73.6,-71.59,-73.47,-72.54,-72.21,-72.76,-73.2,-72.64,-74.37,-76.48
Canada,14.18,15.97,8.3,9.5,12.5,13.81,11.54,12.75,12.03,8.7,5.12,1.72,0.6,3.87,5.12,4.69,3.48,4,3.05,4.91,7.41,5.73,7.71,8.15,8.6,9.72,8.32,7.29,7.49,5.78,6.25,7.86,9.6,11.32,11.16,8.49,7.19,6.59
DR Congo,-88.11,-87.9,-88.23,-88.45,-88.27,-88.76,-88.71,-88.92,-89.53,-90.22,-91.24,-92.23,-93.3,-94.35,-94.83,-95.05,-95.27,-95.75,-96.01,-96.36,-96.79,-96.97,-96.97,-96.91,-96.87,-96.81,-96.83,-96.77,-96.63,-96.63,-96.63,-96.49,-96.29,-96.31,-95.82,-95.78,-95.85,-95.96
Macedonia,-60.72,-60.1,-60.04,-60.38,-61,-61.75,-62.49,-63.22,-64.39,-65.2,-65.32,-66.49,-69.56,-69.35,-70.41,-71.4,-71.58,-72.17,-72.32,-72.28,-73.25,-74.57,-74.84,-75.24,-74.77,-74.23,-73.04,-74.32,-71.19,-69.71,-69.84,-69.22,-69.51,-68.3,-67.43,-67.36,-67.46,-68.86
Afghanistan,-83.21,-82.53,-81.65,-80.5,-79.65,-79.12,-78.77,-80.41,-82.79,-84.74,-85.79,-87.78,-88.71,-91.49,-94.38,-92.4,-92.89,-93.57,-94.16,-94.78,-95.33,-95.85,-94.19,-93.43,-93.73,-93.59,-93.42,-92.72,-92.58,-91.3,-91.18,-90.97,-90.22,-89.91,-90.1,-90.71,-91.02,-91.38
Argentina,-34.5,-39.95,-43.43,-42.36,-42.76,-48.83,-45.41,-45.57,-49.26,-57.26,-56.63,-51.87,-46.85,-43.9,-42.73,-47.25,-46.25,-44.11,-44.5,-48.85,-51.47,-55.06,-63.05,-59.73,-57.41,-53.71,-52.69,-50.63,-46.88,-48.67,-43.35,-38.65,-38.2,-35.47,-38.95,-38.65,-42.16,-42.9
Comoros,-78.95,-78.47,-77.59,-77.44,-77.47,-78.12,-78.61,-79.15,-79.93,-81.15,-81.83,-82,-80.76,-80.53,-82.56,-82.74,-83.82,-84.02,-84.71,-85.24,-85.79,-86.01,-86.13,-86.52,-87.01,-87.18,-87.54,-88.01,-87.81,-87.03,-87.22,-87.09,-86.94,-85.98,-86.08,-86.71,-86.99,-87.39
Honduras,-74.93,-74.51,-75.96,-76.75,-76.94,-77.12,-78.24,-78.11,-78.54,-78.83,-80.35,-80.45,-80.1,-78.79,-80.3,-80.5,-80.81,-80.86,-81.39,-82.69,-82.95,-83.33,-83.37,-83.43,-83.57,-83.27,-83.31,-83.02,-82.85,-82.82,-83.12,-83.12,-82.71,-82.83,-83.09,-83.16,-83.57,-83.78
Cameroon,-75.68,-74.2,-72.96,-71.93,-70.96,-72.46,-74.05,-76.69,-79.06,-80.58,-82.61,-83.45,-84.86,-85.32,-85.48,-85.71,-85.97,-86.24,-85.81,-86.5,-86.53,-86.19,-86.05,-85.95,-85.74,-86.22,-86.29,-86.3,-85.92,-85.48,-85.61,-85.61,-85.29,-84.95,-84.72,-84.44,-84.51,-85.01
Saint Lucia,-62.54,-62.21,-62.69,-62.04,-61.63,-60.55,-56.71,-58.56,-56.55,-55.95,-58.25,-59.5,-57.1,-58.03,-58.86,-60.42,-58.35,-60.62,-59.96,-60.64,-62.91,-65.87,-66.03,-65.97,-65.3,-67.28,-65.3,-67.44,-66.72,-64.69,-66.28,-66.06,-67.3,-67.86,-70.17,-70.63,-71.63,-71.98
El Salvador,-64.87,-68.6,-71.09,-71.69,-71.69,-71.98,-73.3,-73.55,-74.68,-75.58,-75.91,-75.56,-74.26,-72.68,-72.09,-71.45,-72.13,-72.35,-72.39,-72.68,-73.19,-73.38,-73.15,-73.26,-73.74,-73.32,-73.2,-72.78,-72.22,-72.5,-72.98,-73.03,-72.9,-72.91,-73.34,-73.54,-73.92,-74.39
Sao Tome and Principe,-77.28,-79.94,-79.96,-81.42,-83.09,-82.15,-84.09,-84.71,-85.07,-85.16,-85.88,-85.9,-86.09,-86.02,-86.23,-86.56,-87.02,-88.34,-88.93,-89.17,-89.44,-89.47,-89.54,-88.98,-89.13,-88.71,-87.72,-87.8,-87.45,-86.94,-86.7,-86.69,-86.55,-86.06,-85.4,-85.68,-86.19,-86.95
Peru,-54.52,-52.1,-53.57,-61.64,-61.93,-62.77,-60.33,-57.42,-64.66,-70.99,-73.9,-73.22,-74.2,-73.53,-71.28,-70.67,-70.83,-70.36,-71.74,-72.7,-73.54,-74.14,-73.41,-73.46,-73.99,-73.63,-73.61,-72.22,-69.54,-68.51,-67.52,-66.31,-64.46,-63.02,-63.4,-63.55,-63.4,-64.28
Netherlands,32.19,28.83,23.64,22.49,21.86,17.81,17.18,15.13,12.85,13.69,13.17,13.82,12.18,13.79,14.38,14.35,16.43,17.43,17.13,21.56,22.95,19.89,18.89,19.32,19.41,17.8,21.86,23.57,22.49,24.64,24.23,26.39,26.07,24.5,21.17,21.63,21.04,21.76
Haiti,-82.6,-83.22,-83.95,-84.26,-84.76,-85.28,-85.88,-86.42,-86.98,-87.79,-87.9,-88.13,-88.99,-89.94,-90.88,-90.53,-90.4,-90.61,-90.88,-91.1,-91.54,-91.91,-92.12,-92.47,-92.97,-93.12,-93.24,-93.32,-93.3,-93.06,-93.56,-93.43,-93.25,-93.16,-93.22,-93.38,-93.52,-93.76
Madagascar,-81.15,-83.31,-84.06,-84.64,-85.32,-85.75,-86.02,-86.76,-87.22,-87.4,-87.22,-88.49,-88.59,-88.48,-89.12,-89.51,-89.71,-89.79,-89.94,-89.95,-90.13,-89.99,-91.73,-91.21,-91.28,-91.18,-91.34,-91.08,-90.72,-91,-91.42,-91.63,-91.71,-91.85,-91.97,-92.16,-92.26,-92.44
Djibouti,-76.77,-76.83,-77.27,-77.97,-79.08,-80.56,-82.46,-83.98,-85.42,-87.06,-86.95,-87.73,-87.26,-86.72,-87.51,-87.22,-88.54,-88.82,-89.59,-89.99,-90.48,-90.67,-90.68,-90.72,-90.87,-91,-90.38,-90.39,-90,-89.43,-89.66,-89.6,-89.23,-88.97,-88.85,-88.54,-88.43,-88.29
Cote dâ€™Ivoire,-70.96,-70.63,-71.7,-74.16,-76.29,-76.69,-77.23,-78.57,-79.82,-78.79,-80.06,-80.75,-81.59,-82.11,-82.73,-82.56,-82.22,-82.26,-82.39,-83.01,-84.29,-84.75,-85.29,-85.86,-86.23,-86.41,-86.77,-86.94,-86.64,-85.86,-86.15,-87.23,-86.02,-84.97,-84.24,-83.59,-82.91,-82.57
Yemen,-80.87,-79.93,-80.2,-79.87,-80.08,-81.31,-81.9,-82.17,-82.69,-83.26,-80.92,-82.05,-82.32,-82.41,-83.3,-81.68,-78.98,-79.29,-80.2,-80.32,-79.53,-79.32,-79.05,-78.84,-79.51,-79.28,-79.04,-79.29,-79.36,-77.67,-78.11,-82.85,-82.55,-82.51,-85.15,-89.7,-91.11,-92.78
Ecuador,-54.2,-52.22,-54.24,-56.46,-58.05,-58.28,-59.27,-61.92,-63.06,-65.07,-64.49,-63.48,-63.41,-63.27,-63.25,-63.82,-64.75,-64.88,-65.63,-69.62,-71.79,-71.08,-70.28,-70.6,-69.7,-68.92,-69.05,-69.63,-67.27,-66.41,-66.89,-64.93,-63.29,-62.12,-61.92,-63.35,-65.68,-66.45
Moldova,-73.36,-72.97,-72.94,-73.19,-73.64,-74.19,-74.71,-75.22,-76,-76.49,-76.5,-80.67,-86.51,-86.23,-90.82,-91.07,-91.23,-91.35,-92.17,-92.64,-92.75,-92.06,-91.27,-90.71,-90.18,-89.68,-89.76,-89.93,-88.97,-89.74,-88.92,-88.39,-88.13,-87,-86.74,-87.53,-87.26,-86.38
Croatia,-33.33,-32.44,-32.49,-33.22,-34.45,-35.9,-37.31,-38.65,-40.64,-41.89,-41.87,-55.51,-61.2,-64.15,-62.14,-59.72,-58.15,-55.97,-56.16,-58.34,-57.83,-58.35,-53.58,-52.79,-51.56,-49.25,-48.68,-46.68,-45.28,-47.56,-48.9,-48.94,-49.25,-48.2,-49.39,-46.9,-47.66,-46.72
Russian Federation,-24.57,-22.91,-22.11,-21.67,-22.89,-23.53,-24.06,-26.84,-27.62,-29.19,-31.79,-28.51,-42.47,-48.15,-58.14,-65.37,-62.12,-62.37,-65.86,-62.6,-59.16,-56.95,-54.91,-52.78,-49.19,-46.65,-43.77,-39.56,-36.31,-39.28,-37.79,-33.63,-30.58,-30.63,-31.04,-34.38,-37.6,-38.16
Nicaragua,-67.51,-66.56,-67.58,-67.33,-69.56,-72.17,-73.44,-74.61,-79.44,-80.4,-81.13,-82.48,-83.53,-83.47,-84.11,-83.41,-82.91,-82.96,-82.94,-82.7,-83.35,-83.37,-83.72,-83.91,-83.8,-83.6,-83.95,-83.72,-83.24,-83.47,-83.52,-83.02,-82.13,-81.69,-81.42,-81.22,-81.09,-81.19
Czech Republic,-18.38,-17.16,-17.08,-17.82,-19.16,-20.78,-22.25,-23.72,-26.04,-27.49,-27.41,-40.56,-42.33,-41,-40.44,-40.7,-39.79,-43.25,-45.61,-47.32,-47.29,-46.62,-46.15,-44.67,-43.79,-40.8,-39.78,-38.04,-36.67,-38.56,-38.85,-38.16,-37.01,-37.42,-36.99,-34.19,-33.48,-32.23
Guatemala,-57.79,-57.97,-60.53,-62.76,-64.32,-65.66,-67.52,-67.74,-68.33,-68.66,-69.01,-68.16,-67.64,-66.69,-66.84,-66.75,-67.46,-67.81,-67.9,-68.32,-69.05,-69.49,-69.61,-70.07,-70.87,-71.19,-71.5,-71.05,-70.78,-70.26,-71,-71.17,-70.6,-70.32,-70.56,-70.64,-71.16,-72.05
Trinidad and Tobago,-6.66,-0.78,5.66,-12.14,-22.57,-28.78,-32.88,-38.91,-44.78,-48.4,-47.91,-47.49,-49.34,-49.69,-50.27,-49.45,-47.74,-44.92,-42.61,-38.06,-37.46,-37.28,-33.88,-26.21,-24.08,-22.09,-14.69,-13.61,-10.69,-12.41,-11.95,-22.42,-18.28,-13.03,-15.99,-11.63,-15.96,-20.94
Paraguay,-63.91,-60.85,-62.44,-65.87,-66.71,-67.11,-68.89,-69.79,-69.51,-69.2,-69.33,-69.58,-70.1,-68.83,-69.3,-73.11,-72.37,-74.19,-75.41,-77.22,-80.81,-80.83,-76.89,-79.12,-79.01,-79.37,-78.6,-76.8,-75.13,-76,-73.71,-72.91,-74.11,-70.51,-69.93,-69.98,-69.97,-78.69
Georgia,-60.81,-58.8,-58.71,-57.97,-56.98,-56.27,-61.63,-62.31,-61.48,-65.22,-70.5,-76.53,-87.18,-90.74,-91.64,-91.39,-90.39,-89.55,-89.33,-89.39,-89.76,-89.41,-88.82,-87.69,-86.91,-85.78,-84.61,-83.21,-82.54,-82.26,-81.76,-80.8,-78.53,-77.63,-76.4,-76.08,-76.37,-75.79
Jamaica,-59.45,-57.67,-58.01,-58.04,-62.57,-66.66,-66.74,-65.53,-65.92,-64.83,-64.41,-65.37,-61.32,-59.27,-61.62,-62.23,-62.25,-64.34,-66.17,-67.47,-68.56,-69.12,-69.72,-69.29,-69.82,-70.35,-70.5,-70.92,-70.78,-71.54,-72.35,-72.4,-71.96,-72.48,-72.97,-73.74,-74.46,-74.74
Namibia,-47.62,-47.27,-48.47,-51.06,-53.25,-55.46,-56.46,-58.3,-61.95,-64.65,-66.65,-64.46,-64.22,-65.02,-65.86,-66.03,-67.29,-68.12,-69.16,-71.23,-71.19,-72.19,-70.15,-68.9,-67.18,-67.88,-66.43,-65.33,-64.69,-63.55,-63.25,-62.26,-62.03,-59.51,-58.86,-58.35,-60.88,-63.28
Puerto Rico,-4.3,-6.49,-9.94,-8.8,-7.72,-6.46,-4.24,-2.89,-2.78,-3.19,-3.19,-1.76,0.9,5.05,5.98,5.42,5.77,6.87,8.04,8.41,9.6,11.55,11.37,12.17,10.35,7.05,2.64,-0.5,-1.35,2.52,0.08,-1.12,-0.16,-0.99,-3.55,-6.86,-11.02,-21.1
Switzerland,48.89,53.27,56.75,53.6,55.97,59.77,59.06,56.68,55.76,52.78,52.74,51.23,46.89,50.23,46.47,39.21,37.27,39.2,38.7,35.44,38.51,33.13,28.12,32.2,30.38,34.83,35.99,27.48,21.13,35.08,42.16,35.14,38.2,38.86,36.32,37.47,33.17,27.24
Italy,4.35,4.04,3.33,3.2,4.09,3.55,3.58,4.02,3.88,3.26,2.68,3.02,1.58,0.98,0.43,1.51,1.13,0.47,-1.19,-2.16,-1.92,-1.45,-2.15,-3.52,-4.63,-5.34,-6.21,-7.13,-9.21,-10.19,-11.18,-12.1,-14.34,-16.36,-17.06,-17.92,-17.43,-17.72
Iraq,-20.21,-37.67,-39.04,-46.51,-48.24,-50.66,-48.21,-38.45,-39.18,-46.98,-47.09,-86.11,-81.03,-70.02,-73.46,-81.01,-71.73,-67.92,-58.77,-54.44,-57.3,-58.11,-62.62,-76.74,-64.98,-65.08,-60.69,-61.08,-55.7,-52.7,-53.96,-52.94,-47.92,-35.47,-39.7,-40.61,-37.06,-42.31
Lebanon,-39.22,-38.96,-64.88,-57.04,-37.58,-23.93,-32.11,-21.25,-47.43,-73.3,-65.44,-51.64,-51.57,-49.61,-48.5,-47.99,-47.25,-51.04,-51.44,-54.19,-56.45,-56.63,-57.11,-64.65,-58.2,-57.68,-58.74,-55.18,-52.07,-47.42,-47.15,-49.91,-51.18,-53.06,-55.76,-57.98,-59.92,-62.25
Algeria,-29.66,-29.01,-26.66,-25.52,-24.69,-25.49,-29.23,-33.67,-39.91,-40.15,-42.32,-46.09,-46.93,-49.22,-52.24,-52.99,-53.57,-56.02,-56.4,-57.65,-58.88,-59.54,-58.73,-57.61,-58.28,-57.31,-58.65,-57.75,-56.96,-55.49,-56.87,-57.19,-56.47,-56.24,-55.96,-55.97,-55.15,-53.71
Syrian Arab Republic,-61.68,-60.15,-61.21,-62.54,-66.13,-65.26,-69.02,-70.99,-68.92,-76.81,-76.99,-76.57,-73.99,-73.52,-72.92,-73.23,-72.1,-72.75,-72.37,-75.29,-77.15,-76.97,-75.89,-76.76,-76.16,-75.84,-76.48,-76.4,-76.26,-74.36,-74.52,-75.92,-80.69,-85.05,-84.22,-84.57,-85.14,-86.03
Brazil,-35.87,-40.52,-42.48,-47.29,-46.8,-44.62,-42.28,-42.43,-46.31,-46.64,-50.82,-51.36,-53.06,-51.41,-50.01,-50.1,-51.2,-52.3,-55.02,-57.61,-57.81,-59.13,-59.03,-59.94,-59.41,-59.45,-59.72,-58.45,-56.71,-55.57,-54.5,-53.77,-52.76,-51.34,-52.83,-56.21,-59.13,-60.26
Barbados,-32.72,-34.98,-39.68,-41.15,-40.64,-41.97,-41.22,-41.75,-42.52,-42.05,-46.02,-48.89,-53.12,-52.78,-52.23,-52.97,-52.36,-51.57,-51.37,-52.94,-53.63,-56.08,-56.14,-55.97,-56.84,-56.61,-56.55,-55.42,-55.52,-53.9,-55.21,-55.18,-57.09,-55.25,-55.94,-56.28,-56.38,-57.46
South Africa,-35.35,-35.54,-39.21,-42.56,-41.19,-44.89,-47.84,-48.19,-49.02,-50.99,-53.03,-54.41,-56.64,-56.4,-56.94,-58.21,-57.55,-58.69,-61,-62.58,-63.13,-63.55,-63.2,-63.32,-62.53,-61.62,-61.1,-60.81,-59.86,-58.3,-57.69,-57,-56.7,-57.02,-58.09,-58.78,-60.27,-61.62
Ukraine,-53.22,-52.98,-53.34,-54.12,-55.22,-56.48,-57.7,-58.93,-59.38,-58.7,-61.68,-65.45,-69.36,-73.8,-79.94,-82.59,-84.8,-85.69,-86.46,-86.73,-86.35,-84.87,-83.83,-82.08,-80.14,-79.27,-78.2,-76.26,-75.22,-78.78,-78.72,-77.63,-77.8,-77.75,-79,-80.86,-80.25,-79.86
Suriname,-31.27,-26.68,-31.9,-37.17,-41.21,-35.22,-39.21,-47,-45.5,-45.95,-50.25,-50.06,-51.11,-55.17,-55.19,-56.96,-57.91,-57.1,-57.92,-60.38,-61.41,-60.78,-60.43,-58.91,-57.16,-56.82,-57.59,-55.79,-53.8,-51.24,-52.02,-52.44,-50.08,-48.4,-48.95,-51.31,-56.86,-58.27
Iran,-21.33,-30.02,-17.8,-8.73,-17.2,-21.12,-31.46,-36.77,-44.59,-45.63,-40.47,-34.03,-32.63,-34.31,-38.55,-40.6,-40.15,-44.33,-46.78,-48.04,-49.24,-50.31,-48.33,-46.79,-47.83,-48.39,-49.35,-47.79,-48.06,-46.58,-45.74,-45.53,-51.28,-54.24,-54.04,-55.67,-51.87,-51.83
Greece,-10.46,-15.02,-11.6,-14.36,-12.62,-13.23,-18.37,-23.36,-20.75,-19.83,-20.56,-18.97,-19.47,-21.02,-21.16,-20.99,-21.35,-19.65,-19.49,-20.39,-24.15,-22.05,-19.5,-16.57,-14.4,-17.29,-15.84,-15.11,-15.55,-14.16,-24.33,-34.86,-38.18,-41.02,-40.25,-41.53,-42.25,-42.23
Mexico,-11.71,-6.01,-12.17,-20.14,-20.53,-21.42,-30.28,-31.41,-34.04,-34.96,-36.93,-35.42,-35.14,-26.74,-26.51,-36.83,-36.3,-33.59,-33.56,-33.81,-33.96,-36.14,-38.15,-42.19,-42.08,-42.19,-42.37,-42.65,-42.36,-44.29,-42.82,-42.4,-40.59,-41.49,-41.41,-42.37,-42.44,-43.9
Jordan,-36.98,-27.18,-25.7,-32.9,-35.81,-42.12,-42.4,-44.97,-49.35,-58.29,-61.18,-64.71,-61.8,-62.31,-63.68,-64.22,-65.74,-65.91,-66.18,-66.09,-65.97,-65.22,-64.67,-64.56,-63.37,-62.29,-61.9,-60.79,-60.09,-58.18,-61.41,-62.89,-63.5,-64.26,-65.52,-66.79,-67.9,-69.2
Oman,52.43,76.22,90.43,101.25,116.39,134.49,133.64,111.91,102.38,98.77,105.29,105.74,105.25,110.57,101.2,99.87,94.94,101.55,101.01,89.77,86.06,92.56,84.34,70.76,63.22,54.27,51.67,46.54,45.45,47.95,35,23.15,25.5,23.04,13.36,9.7,5.38,7.23
Gabon,7.11,15.83,10.02,15.13,22.42,14.37,8.85,-15.94,-9.68,-6.46,-8.46,-4.55,-14.27,-10.02,-8.88,-10.14,-10.97,-10.15,-9.67,-25.32,-32.99,-32,-32.65,-32.9,-39.56,-39.76,-45.67,-44.03,-47.26,-48.86,-50.48,-45.23,-45.58,-44.57,-44.67,-45.22,-45.82,-48.39
Bahamas,49.03,28.7,34.43,32.02,44.34,44.3,40.55,38.91,34.59,39.5,31.14,21.4,14.94,12.41,11.3,11.62,12.24,14.13,17.52,17.73,16.64,13.75,13.7,7.76,3.1,2.35,-0.49,-3,-5.84,-9.29,-12.6,-14.4,-12.32,-15.26,-19.8,-24.62,-27.24,-28.95
Venezuela,21.08,18.7,12.16,-0.32,-7.81,-12.8,-10.94,-13.24,-13.78,-28.5,-23.22,-18.14,-17.68,-18.98,-24.37,-24.12,-27.29,-26.39,-30.33,-36.82,-37.7,-38.45,-46.39,-51.92,-45.67,-40.72,-37.75,-35.43,-32.39,-33.94,-37.61,-37.94,-34.88,-34.75,-39.02,-44.75,-55.64,-63.66
Bahrain,187.15,171.14,141.3,151.97,145.82,81.37,72.62,69.22,72.48,69.74,90.28,83.86,82.51,90.93,85.32,93.89,90.08,79.3,80.68,76.95,76.07,67.53,58.89,56.48,51.56,50.48,42.39,39.4,34.2,22.83,19.07,10.68,28.61,34.46,34.54,32.4,28.34,22.66
Libya,203.98,133.84,128.77,109.73,87.4,99.27,65.25,33.42,34.8,35.32,34.06,51.82,41.36,30.12,26.31,16.54,13.35,13.47,3.3,-1.61,-7.42,-12.32,-13.15,-4.16,-8.19,-3.09,-2.84,3.02,15.78,19.32,21.53,-59.97,5.39,-51.96,-63.56,-65.65,-66.42,-41.73
Kuwait,477.25,397.29,309.5,304.76,295.76,247.11,319.51,269.93,227.02,290.3,191.35,77.16,193,288.89,324.35,348.02,331.74,321.47,300.89,249.95,231.55,204.53,185.38,219.32,245.27,262.55,268.77,262.48,239.87,203.48,170.3,170.39,175.82,163.14,149.86,149.25,152.63,133.57
Saudi Arabia,476.77,472.84,337.22,241.62,201.51,145.57,178.68,141,154.01,131.88,150.75,174.27,173.68,168.01,154.18,145.76,137.14,125.59,120.4,99.33,95.87,83.73,69.09,77.78,83.11,84.53,79.26,73.52,80.5,76.4,73.25,80.76,84.08,80.52,78.51,77.03,75.08,64.71
Qatar,639.17,564.16,436.49,356.65,318.87,261.11,250.7,222.87,213.76,210.4,205.7,190.93,218.85,210.99,202.44,194.9,195.24,256.01,260.42,262.44,286.03,273.96,282.79,267.81,282.73,254.83,265.77,250.49,247.1,247.03,248.6,262.1,255.93,250.68,240.62,232.76,224.1,212.24
United Arab Emirates,694.66,679.15,570.75,501.61,500.59,450.32,304.85,308.1,261.2,281.86,325.17,296.99,279.32,258.63,258,256.26,254.83,258.75,233.4,219.46,231.56,206.69,189,186.56,176.31,149.82,131.74,100.72,80.97,57.61,43.36,45.62,51.74,59.51,61.24,63.28,64.34,68.17
Brunei Darussalam,772.76,555.47,567.41,547.55,524.9,485.87,380.67,355.03,319.3,299.86,282.43,282.97,289.28,281.04,273.23,269.7,264.47,237.02,213.96,205.29,195.23,192.96,197.24,192.59,180.13,171.02,172.3,164.47,156.97,160.13,156.36,159.02,159.47,148.53,133.52,124.48,110.13,128.27
